{
  "AACBR": 1778601611.0951464,
  "AACOW": 1778601611.0951464,
  "ACAAW": 1778601611.0951464,
  "ADACW": 1778601611.0951464,
  "AEAQW": 1778601611.0951464,
  "AFJKR": 1778601611.0951464,
  "ALISR": 1778601622.5043004,
  "ALOVW": 1778601622.5043004,
  "AMPGR": 1778601622.5043004,
  "AMPGZ": 1778601622.5043004,
  "AMSF": 1778601622.5043004,
  "APACR": 1778601626.2531912,
  "ARCIW": 1778601626.2531912,
  "ARTCW": 1778601626.2531912,
  "ASPCR": 1778601626.2531912,
  "AXINR": 1778601633.8639796,
  "BACCR": 1778601633.8639796,
  "BAYAR": 1778601633.8639796,
  "BCTXL": 1778601633.8639796,
  "BEAGR": 1778601633.8639796,
  "BHAVR": 1778601644.659981,
  "BKHAR": 1778601644.659981,
  "BLRKW": 1778601644.659981,
  "BNCWZ": 1778601644.659981,
  "BPACR": 1778601644.659981,
  "BRUNW": 1778601649.4631045,
  "BSAAR": 1778601649.4631045,
  "CAPNR": 1778601649.4631045,
  "CAQUW": 1778601649.4631045,
  "CCXIW": 1778601661.551392,
  "CGCTU": 1778601661.551392,
  "CHARR": 1778601661.551392,
  "CHPGR": 1778601661.551392,
  "CMIIW": 1778601664.1811945,
  "COLAR": 1778601664.1811945,
  "CRACR": 1778601664.1811945,
  "CRANR": 1778601664.1811945,
  "CRAQR": 1778601664.1811945,
  "CSHRW": 1778601664.1811945,
  "CTAAR": 1778601674.3398018,
  "DAVA": 1778601674.3398018,
  "DBCAW": 1778601674.3398018,
  "DFNSW": 1778601674.3398018,
  "DMAAR": 1778601686.9150136,
  "DMIIR": 1778601686.9150136,
  "DSACW": 1778601686.9150136,
  "DSS": 1778601686.9150136,
  "DTSQR": 1778601686.9150136,
  "DYNCW": 1778601686.9150136,
  "EGG": 1778601686.9150136,
  "EGHAR": 1778601686.9150136,
  "EMISR": 1778601697.4236636,
  "ENPH": 1778601697.4236636,
  "ERNAW": 1778601697.4236636,
  "ESLAW": 1778601697.4236636,
  "EURKR": 1778601697.4236636,
  "EXR": 1778601707.5789087,
  "FERAR": 1778601707.5789087,
  "FGIIW": 1778601707.5789087,
  "FGMCR": 1778601707.5789087,
  "FSHPR": 1778601719.352249,
  "GCV": 1778601719.352249,
  "GIWWR": 1778601730.7202544,
  "GIXXR": 1778601730.7202544,
  "GLNDW": 1778601730.7202544,
  "GPACW": 1778601730.7202544,
  "GRMLW": 1778601730.7202544,
  "GTERR": 1778601730.7202544,
  "HACQW": 1778601730.7202544,
  "HAVAR": 1778601740.880563,
  "HBANL": 1778601740.880563,
  "HCACR": 1778601740.880563,
  "HCICR": 1778601740.880563,
  "HSPTR": 1778601740.880563,
  "HVIIR": 1778601754.257796,
  "IACOW": 1778601754.257796,
  "IBACR": 1778601754.257796,
  "IEAGR": 1778601754.257796,
  "ILLRW": 1778601754.257796,
  "ILLUW": 1778601754.257796,
  "INAC": 1778601754.257796,
  "INACR": 1778601754.257796,
  "IPCXR": 1778601757.969914,
  "IPEXR": 1778601757.969914,
  "IRHOR": 1778601757.969914,
  "ITHAW": 1778601757.969914,
  "KBONW": 1778601757.969914,
  "KCHVR": 1778601757.969914,
  "KFIIR": 1778601757.969914,
  "KRAQW": 1778601760.9864726,
  "KTWOR": 1778601760.9864726,
  "LCCCR": 1778601760.9864726,
  "LFACW": 1778601760.9864726,
  "LKSPR": 1778601764.9753587,
  "LPCVW": 1778601764.9753587,
  "MESHW": 1778601767.957161,
  "MEVOW": 1778601767.957161,
  "MFICL": 1778601767.957161,
  "MKLYR": 1778601767.957161,
  "MLAAW": 1778601767.957161,
  "MLACR": 1778601767.957161,
  "MMTXW": 1778601767.957161,
  "MNYWW": 1778601780.812885,
  "MSDL": 1778601780.812885,
  "MUZEW": 1778601780.812885,
  "NBRGR": 1778601780.812885,
  "NEXRW": 1778601788.078468,
  "NIXXW": 1778601788.078468,
  "NMPAR": 1778601788.078468,
  "NOEMR": 1778601788.078468,
  "NUCLW": 1778601791.4075272,
  "OIMAW": 1778601791.4075272,
  "OIOWW": 1778601791.4075272,
  "PAACW": 1778601803.7838578,
  "PALOW": 1778601803.7838578,
  "PCM": 1778601803.7838578,
  "PGACR": 1778601815.8826725,
  "PGY": 1778601815.8826725,
  "PLGO": 1778601815.8826725,
  "PONOR": 1778601815.8826725,
  "GSUN": 1778606824.7258682,
  "IGC": 1778606849.2222712,
  "MBNKO": 1778606878.9260297,
  "MDXH": 1778606878.9260297,
  "PTORW": 1778606910.656549,
  "QETAR": 1778606910.656549,
  "QSEAR": 1778606910.656549,
  "QUMSR": 1778606910.656549,
  "RANGR": 1778606910.656549,
  "RDACR": 1778606921.9531279,
  "RFAIR": 1778606921.9531279,
  "RFAMR": 1778606921.9531279,
  "RIBBR": 1778606921.9531279,
  "SAAQW": 1778606929.1156743,
  "SCIIR": 1778606929.1156743,
  "SCPQW": 1778606929.1156743,
  "SDHIR": 1778606929.1156743,
  "SORNW": 1778606944.080605,
  "SPEGR": 1778606944.080605,
  "SSACR": 1778606944.080605,
  "SSACW": 1778606944.080605,
  "SSEAR": 1778606944.080605,
  "SUMAR": 1778606944.080605,
  "SVAQW": 1778606944.080605,
  "SVIVW": 1778606944.080605,
  "SZZLR": 1778606956.448393,
  "TAVIR": 1778606956.448393,
  "TBBK": 1778606956.448393,
  "TDWDR": 1778606956.448393,
  "TFPM": 1778606956.448393,
  "TMTSW": 1778606956.448393,
  "TRGSR": 1778606961.329931,
  "TVAIR": 1778606961.329931,
  "TWLVR": 1778606961.329931,
  "UCFIW": 1778606961.329931,
  "UYSCR": 1778606965.2418582,
  "VHCPW": 1778606965.2418582,
  "VIDA": 1778606965.2418582,
  "WLIIW": 1778606968.4434807,
  "WSTNR": 1778606968.4434807,
  "WTGUR": 1778606968.4434807,
  "XCBEW": 1778606968.4434807,
  "XRXDW": 1778606970.7612805,
  "XSLLW": 1778606970.7612805,
  "YHNAR": 1778606970.7612805,
  "ZKPW": 1778606970.7612805,
  "BLBD": 1778607158.1688435,
  "BTOC": 1778607170.7097247,
  "CRDO": 1778607187.1331978,
  "DAAQW": 1778607198.2538102,
  "DINO": 1778607198.2538102,
  "FULC": 1778607227.782467,
  "FVAV": 1778607227.782467,
  "HOOD": 1778607243.7303436,
  "PBT": 1778607324.1437974,
  "PEBK": 1778607324.1437974,
  "PWP": 1778607335.796543,
  "RENT": 1778607353.9926717,
  "RR": 1778607353.9926717,
  "SLDE": 1778607381.6825418,
  "SOCAW": 1778607381.6825418,
  "UROY": 1778607415.0520368,
  "UZF": 1778607425.8748271,
  "WEYS": 1778607441.1662703,
  "AII": 1778607753.011401,
  "BUR": 1778607813.4636846,
  "CCNE": 1778607813.4636846,
  "FCT": 1778607858.7002296,
  "GDRX": 1778607881.5812404,
  "GIPR": 1778607881.5812404,
  "GLU": 1778607881.5812404,
  "HERZ": 1778607892.3874898,
  "PLPC": 1778607959.2152283,
  "SGLY": 1778607985.8953414,
  "ALTG": 1778608046.1314778,
  "APAC": 1778608057.471745,
  "ASTS": 1778608057.471745,
  "BCARW": 1778608068.7621238,
  "BSET": 1778608080.7574317,
  "CXH": 1778608112.5588546,
  "JFU": 1778608156.6707757,
  "KBH": 1778608156.6707757,
  "LCFY": 1778608169.5395553,
  "MCRI": 1778608182.6127622,
  "MTVA": 1778608194.235334,
  "NOV": 1778608209.1774323,
  "PATK": 1778608219.3480868,
  "POWL": 1778608235.363611,
  "SBRA": 1778608255.211221,
  "ULCC": 1778608289.8082986,
  "ARCO": 1778614211.4790838,
  "ATYR": 1778614211.4790838,
  "DAR": 1778614244.1963177,
  "ESBA": 1778614257.309544,
  "ETN": 1778614257.309544,
  "FNGD": 1778614270.2945464,
  "FRT": 1778614270.2945464,
  "NGVT": 1778614313.3183482,
  "ONCHU": 1778614329.9124458,
  "PCYO": 1778614341.161549,
  "AEAQU": 1778614468.9092937,
  "AIZ": 1778614479.0889482,
  "EPSN": 1778614522.2292306,
  "FNLC": 1778614535.1188219,
  "HG": 1778614551.9657288,
  "RCS": 1778614604.8147886,
  "SKYT": 1778614622.3178473,
  "ACXP": 1778614684.7337742,
  "CMCM": 1778614715.3962328,
  "HBANZ": 1778614753.4488564,
  "IPCX": 1778614768.096826,
  "KTTA": 1778614778.2875438,
  "LSBK": 1778614788.837293,
  "NCPLW": 1778614809.5965827,
  "NMIH": 1778614809.5965827,
  "OKE": 1778614820.269899
}