{
  "AACBR": 1778601611.0951464,
  "AACOW": 1778601611.0951464,
  "ACAAW": 1778601611.0951464,
  "ADACW": 1778601611.0951464,
  "AEAQW": 1778601611.0951464,
  "AFJKR": 1778601611.0951464
}